{"cameraMode":{"drawMode":0,"name":"Shaded","section":"Shading Mode"},"sceneLighting":true,"audioPlay":false,"sceneViewState":{"m_AlwaysRefresh":false,"showFog":true,"showSkybox":true,"showFlares":true,"showImageEffects":true,"showParticleSystems":true,"showVisualEffectGraphs":true,"m_FxEnabled":true},"in2DMode":false,"pivot":{"x":3.608464241027832,"y":3.595759868621826,"z":-0.804171085357666},"rotation":{"x":-0.015146332792937756,"y":-0.14586518704891206,"z":0.002229053294286132,"w":-0.9892023801803589},"size":1.7996516227722169,"orthographic":false}