{"cameraMode":{"drawMode":0,"name":"Shaded","section":"Shading Mode"},"sceneLighting":true,"audioPlay":false,"sceneViewState":{"m_AlwaysRefresh":false,"showFog":true,"showSkybox":true,"showFlares":true,"showImageEffects":true,"showParticleSystems":true,"showVisualEffectGraphs":true,"m_FxEnabled":true},"in2DMode":false,"pivot":{"x":3.2894115447998049,"y":4.091288089752197,"z":-1.2456867694854737},"rotation":{"x":-0.060002122074365619,"y":0.09478335082530976,"z":-0.005720784422010183,"w":-0.9936857223510742},"size":1.456730604171753,"orthographic":false}